{
  "thresholds": [
    0.1,
    0.11836734693877551,
    0.13673469387755102,
    0.15510204081632656,
    0.17346938775510207,
    0.19183673469387758,
    0.21020408163265308,
    0.2285714285714286,
    0.2469387755102041,
    0.2653061224489796,
    0.2836734693877551,
    0.3020408163265306,
    0.3204081632653062,
    0.3387755102040817,
    0.3571428571428572,
    0.3755102040816327,
    0.3938775510204082,
    0.41224489795918373,
    0.43061224489795924,
    0.44897959183673475,
    0.46734693877551026,
    0.48571428571428577,
    0.5040816326530613,
    0.5224489795918368,
    0.5408163265306123,
    0.5591836734693878,
    0.5775510204081633,
    0.5959183673469388,
    0.6142857142857143,
    0.6326530612244898,
    0.6510204081632653,
    0.6693877551020408,
    0.6877551020408164,
    0.7061224489795919,
    0.7244897959183674,
    0.7428571428571429,
    0.7612244897959184,
    0.7795918367346939,
    0.7979591836734694,
    0.8163265306122449,
    0.8346938775510204,
    0.8530612244897959,
    0.8714285714285714,
    0.889795918367347,
    0.9081632653061225,
    0.926530612244898,
    0.9448979591836735,
    0.963265306122449,
    0.9816326530612246,
    1.0
  ],
  "coverages": [
    0.9997250481165796,
    0.9997250481165796,
    0.9997250481165796,
    0.9994500962331592,
    0.9994500962331592,
    0.9994500962331592,
    0.9980753368160572,
    0.9980753368160572,
    0.9980753368160572,
    0.9939510585647512,
    0.9939510585647512,
    0.9887269727797635,
    0.9887269727797635,
    0.9887269727797635,
    0.9689304371734946,
    0.9689304371734946,
    0.9689304371734946,
    0.9397855375309321,
    0.9397855375309321,
    0.9397855375309321,
    0.8982678031344514,
    0.8982678031344514,
    0.8427275226835304,
    0.8427275226835304,
    0.8427275226835304,
    0.7841627715149849,
    0.7841627715149849,
    0.7841627715149849,
    0.7187242232609293,
    0.7187242232609293,
    0.6565850976079186,
    0.6565850976079186,
    0.6565850976079186,
    0.5922463568875447,
    0.5922463568875447,
    0.5922463568875447,
    0.528732471817432,
    0.528732471817432,
    0.528732471817432,
    0.4608193566125928,
    0.4608193566125928,
    0.3827330217211988,
    0.3827330217211988,
    0.3827330217211988,
    0.29502337091009073,
    0.29502337091009073,
    0.29502337091009073,
    0.19686554852900742,
    0.19686554852900742,
    0.19686554852900742
  ],
  "accuracies": [
    0.5847166143263047,
    0.5876628237760144,
    0.5876628237760144,
    0.589063670411985,
    0.589063670411985,
    0.589063670411985,
    0.5908408408408409,
    0.5908408408408409,
    0.5908408408408409,
    0.5920060331825038,
    0.5920060331825038,
    0.593351548269581,
    0.593351548269581,
    0.593351548269581,
    0.5958866899495537,
    0.5958866899495537,
    0.5958866899495537,
    0.5977269089162798,
    0.5977269089162798,
    0.5977269089162798,
    0.6019124308002013,
    0.6019124308002013,
    0.6048841577958672,
    0.6048841577958672,
    0.6048841577958672,
    0.6089638554216867,
    0.6089638554216867,
    0.6089638554216867,
    0.6166332876567935,
    0.6166332876567935,
    0.6191413030899201,
    0.6191413030899201,
    0.6191413030899201,
    0.6223253415828822,
    0.6223253415828822,
    0.6223253415828822,
    0.6308026030368764,
    0.6308026030368764,
    0.6308026030368764,
    0.6378737541528239,
    0.6378737541528239,
    0.6429861529199278,
    0.6429861529199278,
    0.6429861529199278,
    0.6477838971938107,
    0.6477838971938107,
    0.6477838971938107,
    0.6658739595719382,
    0.6658739595719382,
    0.6658739595719382
  ]
}