task,baseline_micro_f1,llm_micro_f1,delta_micro_f1,baseline_macro_f1,llm_macro_f1,baseline_coverage,llm_coverage
components,0.6724706744868035,0.5761,-0.0964,0.6445073558492747,0.541,0.9309870772614792,0.8983
impact,0.6125995655322231,0.4493,-0.1633,0.5884929780568486,0.506,0.33461644212262853,0.7413
issue_type,0.7721012883163039,0.8227,0.0506,0.33299193987194636,0.2769,0.9034918889194391,1.0
platform,0.6781437125748503,0.3163,-0.3618,0.6818806306306306,0.5023,0.18201814682430575,0.9005
